@timestamp,@message
2021-09-14T01:05:24.061Z,"2021-09-14T01:05:24.061Z {""CorrelationId"":""f8a61698-eba1-4aa7-a296-9855f8697781"",""Response"":{""code"":0,""message"":""SUCCESS""}}"
2021-09-14T01:05:24.061Z,"2021-09-14T01:05:24.061Z {""CorrelationId"":""b945cb25-09c2-460c-ac26-134e254c6864"",""Response"":{""code"":0,""message"":""SUCCESS""}}"
2021-09-14T01:05:24.061Z,"2021-09-14T01:05:24.061Z {""CorrelationId"":""e26b8857-d19c-4f59-bfea-7006f61e8e8e"",""Response"":{""code"":0,""message"":""SUCCESS""}}"
2021-09-14T01:05:24.061Z,"2021-09-14T01:05:24.061Z {""CorrelationId"":""c917f2bc-d450-4107-88d2-4d564ed385a5"",""Response"":{""code"":0,""message"":""SUCCESS""}}"
2021-09-14T01:05:24.061Z,"2021-09-14T01:05:24.061Z {""CorrelationId"":""e534d50c-ac86-4612-b68e-9d9aa9121360"",""Response"":{""code"":0,""message"":""SUCCESS""}}"
2021-09-14T01:05:24.061Z,"2021-09-14T01:05:24.061Z {""CorrelationId"":""574b1dfb-e7db-4269-8016-59a27050ce88"",""Response"":{""code"":1,""message"":""ERROR""}}"
2021-09-14T01:05:24.061Z,"2021-09-14T01:05:24.061Z {""CorrelationId"":""a7f047a3-9db8-48be-b271-494c49fca01d"",""Response"":{""code"":1,""message"":""ERROR""}}"
2021-09-14T01:05:24.061Z,"2021-09-14T01:05:24.061Z {""CorrelationId"":""962c6d9c-72b3-4adf-a6e6-e5e1516fd814"",""Response"":{""code"":1,""message"":""ERROR""}}"
2021-09-14T01:05:24.061Z,"2021-09-14T01:05:24.061Z {""CorrelationId"":""926e2ae2-1baa-4aa9-b906-6f24189fb51b"",""Response"":{""code"":1,""message"":""ERROR""}}"
2021-09-14T01:05:24.061Z,"2021-09-14T01:05:24.061Z {""CorrelationId"":""3e7df1f8-7506-48ca-9533-088490eb2bf3"",""Response"":{""code"":0,""message"":""SUCCESS""}}"
2021-09-14T01:05:24.061Z,"2021-09-14T01:05:24.061Z {""CorrelationId"":""9c08ec64-3c41-4c09-9132-45e9911c08af"",""Response"":{""code"":1,""message"":""ERROR""}}"
2021-09-14T01:05:24.061Z,"2021-09-14T01:05:24.061Z {""CorrelationId"":""8a925778-a61d-4ea9-9ecc-50080ea93cdb"",""Response"":{""code"":0,""message"":""SUCCESS""}}"
2021-09-14T01:05:24.061Z,"2021-09-14T01:05:24.061Z {""CorrelationId"":""bf4b8aa7-4f9e-406a-980c-3c7e2eb50b61"",""Response"":{""code"":1,""message"":""ERROR""}}"
2021-09-14T01:05:24.061Z,"2021-09-14T01:05:24.061Z {""CorrelationId"":""d411da7b-1dfc-42f4-91fa-f51f50f31f36"",""Response"":{""code"":0,""message"":""SUCCESS""}}"
2021-09-14T01:05:24.061Z,"2021-09-14T01:05:24.061Z {""CorrelationId"":""55eb9ac2-6402-4ff3-82f8-dbef940ce945"",""Response"":{""code"":0,""message"":""SUCCESS""}}"
2021-09-14T01:05:24.061Z,"2021-09-14T01:05:24.061Z {""CorrelationId"":""d74d5c33-c55a-4f1c-8020-bc01f83b125a"",""Response"":{""code"":1,""message"":""ERROR""}}"
2021-09-14T01:05:24.061Z,"2021-09-14T01:05:24.061Z {""CorrelationId"":""18213710-1a6d-48ac-82da-506ca324b3b7"",""Response"":{""code"":0,""message"":""SUCCESS""}}"
2021-09-14T01:05:24.061Z,"2021-09-14T01:05:24.061Z {""CorrelationId"":""c8961e15-b418-4371-8b14-53820f555e2a"",""Response"":{""code"":1,""message"":""ERROR""}}"
2021-09-14T01:05:24.061Z,"2021-09-14T01:05:24.061Z {""CorrelationId"":""25e01cf9-9803-4a0e-b08e-d6a742c4f160"",""Response"":{""code"":0,""message"":""SUCCESS""}}"
2021-09-14T01:05:24.061Z,"2021-09-14T01:05:24.061Z {""CorrelationId"":""4a130d79-5009-4d5e-b193-da8b0d11a98a"",""Response"":{""code"":1,""message"":""ERROR""}}"
2021-09-14T01:05:24.061Z,"2021-09-14T01:05:24.061Z {""CorrelationId"":""932360d4-f970-40d1-b06e-ba331d70e8cf"",""Response"":{""code"":0,""message"":""SUCCESS""}}"
2021-09-14T01:05:24.061Z,"2021-09-14T01:05:24.061Z {""CorrelationId"":""073f2f39-e746-4a34-b938-818fc42955cf"",""Response"":{""code"":1,""message"":""ERROR""}}"
2021-09-14T01:05:24.061Z,"2021-09-14T01:05:24.061Z {""CorrelationId"":""4697073f-edc2-4e9e-a274-62c879714803"",""Response"":{""code"":0,""message"":""SUCCESS""}}"
2021-09-14T01:05:24.061Z,"2021-09-14T01:05:24.061Z {""CorrelationId"":""22288eaa-b091-4912-8a7b-676d45543a4e"",""Response"":{""code"":0,""message"":""SUCCESS""}}"
2021-09-14T01:05:24.061Z,"2021-09-14T01:05:24.061Z {""CorrelationId"":""924da0c3-2e4f-4b1e-b0e2-3278e555ae5c"",""Response"":{""code"":0,""message"":""SUCCESS""}}"
2021-09-14T01:05:24.061Z,"2021-09-14T01:05:24.061Z {""CorrelationId"":""3a4cf2c5-debc-4872-b49d-05b370167787"",""Response"":{""code"":0,""message"":""SUCCESS""}}"
2021-09-14T01:05:24.061Z,"2021-09-14T01:05:24.061Z {""CorrelationId"":""66392ef3-ebb3-4010-9360-7029221ab25c"",""Response"":{""code"":0,""message"":""SUCCESS""}}"
2021-09-14T01:05:24.061Z,"2021-09-14T01:05:24.061Z {""CorrelationId"":""0cb9449e-b0c3-4f4a-97e5-0236ac567d0a"",""Response"":{""code"":0,""message"":""SUCCESS""}}"
2021-09-14T01:05:24.061Z,"2021-09-14T01:05:24.061Z {""CorrelationId"":""1edd0fea-52aa-4ed4-b885-268b0d5b9cba"",""Response"":{""code"":0,""message"":""SUCCESS""}}"
2021-09-14T01:05:24.061Z,"2021-09-14T01:05:24.061Z {""CorrelationId"":""316c0272-7493-4bc7-ac12-06ed79081d14"",""Response"":{""code"":0,""message"":""SUCCESS""}}"
2021-09-14T01:05:24.061Z,"2021-09-14T01:05:24.061Z {""CorrelationId"":""f2530898-e4d7-4471-985c-61cc6ee8c077"",""Response"":{""code"":0,""message"":""SUCCESS""}}"
2021-09-14T01:05:24.061Z,"2021-09-14T01:05:24.061Z {""CorrelationId"":""42fbccfa-ef14-486a-95f8-2d99a8d5178e"",""Response"":{""code"":0,""message"":""SUCCESS""}}"
2021-09-14T01:05:24.061Z,"2021-09-14T01:05:24.061Z {""CorrelationId"":""de4ef1b2-516b-4bb4-8776-cdf1a4169f26"",""Response"":{""code"":1,""message"":""ERROR""}}"
2021-09-14T01:05:24.061Z,"2021-09-14T01:05:24.061Z {""CorrelationId"":""15d858eb-5c2e-4f4f-88da-2c7e96944a05"",""Response"":{""code"":0,""message"":""SUCCESS""}}"
2021-09-14T01:05:24.061Z,"2021-09-14T01:05:24.061Z {""CorrelationId"":""dcc21442-6dfe-4d07-96aa-d9699ac509cb"",""Response"":{""code"":0,""message"":""SUCCESS""}}"
2021-09-14T01:05:24.061Z,"2021-09-14T01:05:24.061Z {""CorrelationId"":""283b3fc5-96c2-4a55-9848-0af14de8c5ee"",""Response"":{""code"":0,""message"":""SUCCESS""}}"
2021-09-14T01:05:24.061Z,"2021-09-14T01:05:24.061Z {""CorrelationId"":""1ded2e6a-3423-46d9-8f34-ecaba57910a3"",""Response"":{""code"":1,""message"":""ERROR""}}"
2021-09-14T01:05:24.061Z,"2021-09-14T01:05:24.061Z {""CorrelationId"":""f8500ac2-5767-49b6-959c-8737c92f101b"",""Response"":{""code"":1,""message"":""ERROR""}}"
2021-09-14T01:05:24.061Z,"2021-09-14T01:05:24.061Z {""CorrelationId"":""fd629422-ece6-44ca-a372-0074c3fba89f"",""Response"":{""code"":0,""message"":""SUCCESS""}}"
2021-09-14T01:05:24.061Z,"2021-09-14T01:05:24.061Z {""CorrelationId"":""d6f8f0aa-6b28-4d13-8832-2b4c89346424"",""Response"":{""code"":0,""message"":""SUCCESS""}}"
